a_7312.jpg,a_lang.jpg
a_lang.jpg,m_rpsls.jpg
m_rpsls.jpg,m_cant.jpg
m_cant.jpg,m_subway.jpg
m_subway.jpg,oid_e70d2d777077e8a3.jpg
oid_e70d2d777077e8a3.jpg,a_2848.jpg
a_2848.jpg,a_4714.jpg
a_4714.jpg,a_8337_11.jpg
a_8337_11.jpg,m_exit12.jpg
m_exit12.jpg,m_maimai.jpg
m_maimai.jpg,a_7880.jpg
# m_maimai.jpg,m_rpsls.jpg
a_7880.jpg,m_net.jpg
m_net.jpg,oid_010fc688dbee9670.jpg
oid_010fc688dbee9670.jpg,m_watermelon.jpg
m_watermelon.jpg,m_scooter.jpg
m_scooter.jpg,m_sailormoon.jpg
m_sailormoon.jpg,m_liulangren.jpg
m_liulangren.jpg,m_bananacat.jpg
m_bananacat.jpg,m_cowcat.jpg
m_cowcat.jpg,jam_s_1.01.jpg
jam_s_1.01.jpg,jam_s_1.02.jpg
jam_s_1.02.jpg,jam_s_1.03.jpg
jam_s_1.03.jpg,jam_s_1.04.jpg
jam_s_1.04.jpg,jam_s_1.05.jpg
jam_s_1.05.jpg,jam_s_1.06.jpg
jam_s_1.06.jpg,jam_s_1.07.jpg
jam_s_1.07.jpg,jam_s_1.08.jpg
jam_s_1.08.jpg,jam_s_1.09.jpg
jam_s_1.09.jpg,jam_s_1.10.jpg
jam_s_1.10.jpg,jam_s_1.11.jpg
jam_s_1.11.jpg,jam_g_01.jpg
jam_g_01.jpg,jam_g_02.jpg
jam_g_02.jpg,jam_g_05.jpg
jam_g_05.jpg,jam_g_06.jpg
jam_g_06.jpg,jam_g_07.jpg
jam_g_07.jpg,jam_g_08.jpg
jam_g_08.jpg,jam_g_09.jpg
jam_g_09.jpg,jam_g_11.jpg
jam_g_11.jpg,jam_g_13.jpg
jam_g_13.jpg,jam_g_15.jpg
jam_g_15.jpg,jam_g_16.jpg
jam_g_16.jpg,jam_g_18.jpg
jam_g_18.jpg,jam_g_20.jpg
jam_g_20.jpg,jam_g_21.jpg
jam_g_21.jpg,jam_g_23.jpg
jam_g_23.jpg,jam_g_27.jpg
jam_g_27.jpg,a_7312.jpg
